﻿Designator,Footprint,Quantity,Value,LCSC Part #
"C10, C12, C14, C18, C21, C25, C31, C7, C8, C9",0805,10,100n,
C11,0805,1,4.7u,
"C13, C15",0805,2,1u,
"C16, C17",0805,2,6.8p,
"C19, C30",0805,2,.01u,
"C20, C24, C26, C28, C29",0805,5,22u,
C22,0805,1,68p,
"C23, C27, C32",0805,3,47u,
"C33, C34",0805,2,0.1uF,
"D1, D5",0805,2,LED,
"D2, D3, D4",Diode_Bridge_Bourns_CD-DF4xxS,3,CD-DF406S,
D6,0805,1,LED_MCU,
D7,0805,1,LED_SCR2,
D8,0805,1,LED_SCR1,
J1,5_Connector_11.13_Pitch,1,Screw_Terminal_01x05,
J2,PinHeader_2x06_P2.54mm_Vertical,1,Conn_02x06_Odd_Even,
J4,4_Connector_11.13_Pitch,1,Screw_Terminal_01x04,
JP16,PinHeader_1x02_P2.54mm_Vertical,1,Jumper_2_Open,
"L1, L2",0805,2,600R@100MHz,
L3,0805,1,"10uH,58.6mOhms",
"L4, L5",0805,2,"10uH,21mOhms",
"R10, R13, R17",0805,3,22.1k,
"R11, R12, R15, R16, R9",0805,5,100k,
"R14, R7",0805,2,530,
"R18, R19, R20, R31",0805,4,1k,
"R21, R22",0805,2,3k,
"R23, R24",0805,2,660,
R28,0805,1,100,
R29,0805,1,500,
R30,0805,1,250,
R32,0805,1,1.5k,
R33,0805,1,2k,
R34,0805,1,53,
R6,0805,1,10k,
R8,0805,1,442k,
T2,Transformer,1,Transformer_2P_3S,
"TP1, TP2, TP3, TP4, TP5",TestPoint_Loop_D2.50mm_Drill1.0mm,5,TestPoint_Small,
U1,LQFP-64_10x10mm_P0.5mm,1,STM32G431RBT6,
"U2, U3",SO-5-6_4.55x3.7mm_P1.27mm,2,TLP2345,
"U4, U8",SOT-583-8,2,TPS62933DRLR,
U5,SOT-23-6,1,TPS54202DDCR,
"U6, U7",TO-220-5_P3.4x3.7mm_StaggerOdd_Lead3.8mm_Vertical,2,LM675,
Y1,Crystal_SMD_3225-4Pin_3.2x2.5mm,1,X322524MSB4SI,
